abbr,FS,variations
A-T,ataxia-telangiectasia,"['results in ataxia-telangiectasia', 'cells from ataxia telangiectasia', 'result in Ataxia telangiectasia', 'autosomal recessive disease ataxia telangiectasia', 'result in ataxia-telangiectasia', 'Cells from ataxia-telangiectasia', 'autosomal recessive disease Ataxia Telangiectasia', 'autosomal recessive disease ataxia-telangiectasia', 'Cells from ataxia telangiectasia']"
A-T,adenine-thymine,['adenine-thymine']
A-T,alternating,"['alternating', 'Alternating']"
AAPC,attenuated adenomatous polyposis coli,['attenuated adenomatous polyposis coli']
AAPC,artificial antigen-presenting cell,"['artificial antigen-presenting cell', 'artificial antigen presenting cells', 'artificial antigen-presenting cells', 'Artificial antigen-presenting cells', 'artificial antigen presenting cell']"
AAPC,average annual percentage change,"['average annual percentage change', 'average annual percent change']"
AAPC,adenomatous polyposis coli,['adenomatous polyposis coli']
AAPC,artificial apc,"['artificial APC', 'artificial APCs']"
AD,alzheimers disease,"[""Alzheimer's disease"", 'Alzheimer disease', ""Alzheimer's Disease"", 'Alzheimer Disease', 'Alzheimer s disease', 'Alzheimers disease', ""Alzheimer's diseased"", ""Alzheimer's diseases"", ""Alzheimer' s disease"", ""Alzheimer' disease"", 'Alzheimer-disease', ""Alzheimer 's disease"", 'Alzheimer-diseased', 'Alzheimers Disease', ""Alzheimer's-disease"", 'Alzheimer s Disease', ""Alzheimers's disease"", 'Alzheimer""s disease', 'Alzheimer;s disease', ""Alzheimer's-diseased"", ""Alzheimers' Disease"", ""Alzheimer' s Disease""]"
AD,atopic dermatitis,"['atopic dermatitis', 'Atopic dermatitis', 'Atopic Dermatitis', 'atopic diseases', 'atopic disease']"
AD,adenovirus,"['adenovirus', 'adenoviral', 'Adenovirus', 'adenoviruses', 'Adenoviral', 'Adenoviruses']"
AD,afterdischarge,"['afterdischarge', 'afterdischarges', 'after-discharge', 'Afterdischarge', 'after discharge', 'after-discharges', 'after discharges']"
AD,alzheimer's dementia,"[""Alzheimer's dementia"", 'Alzheimer dementia', 'Alzheimer-type dementia', 'dementia of Alzheimer type', 'Alzheimer type dementia', ""Alzheimer's type dementia"", 'Alzheimer Dementia', ""Alzheimer's demented"", ""Alzheimer's Dementia"", 'Alzheimer-dementia', ""Alzheimer's-type dementia""]"
AD,adrenaline,['adrenaline']
AD,autosomal dominant,"['autosomal dominant', 'autosomal-dominant', 'Autosomal dominant', 'Autosomal Dominant']"
AD,androstenedione,"['androstenedione', 'androst-4-ene-3,17-dione', '4-androstene-3,17-dione', '4-androsten-3,17-dione', 'androst-4-en-3,17-dione', 'Androstenedione', 'androst-4-ene-3,17-dion']"
AD,alcohol dependence,"['alcohol dependence', 'alcohol-dependent', 'alcohol dependent', 'Alcohol dependence', 'Alcohol Dependence']"
AD,antidepressant,"['antidepressant', 'antidepressants', 'antenatal depression', 'Antidepressant']"
AD,autistic disorder,"['autistic disorder', 'Autistic disorder', 'Autistic Disorder', 'autism disorder', 'Autism Disorder', 'autistic disorders']"
AGU,aspartylglucosaminuria,"['aspartylglucosaminuria', 'Aspartylglucosaminuria', 'Aspartylglycosaminuria', 'aspartylglycosaminuria', 'patients with aspartylglycosylaminuria', 'patient with aspartylglycosylaminuria']"
AGU,anhydroglucose units,"['anhydroglucose units', 'anhydroglucose unit']"
AGU,arabian gulf university,['Arabian Gulf University']
ALD,adrenoleukodystrophy,"['adrenoleukodystrophy', 'Adrenoleukodystrophy', 'adreno-leukodystrophy', 'adrenoleucodystrophy', 'Adrenoleucodystrophy', 'adrenoleukodystrophies']"
ALD,alcoholic liver disease,"['alcoholic liver disease', 'Alcoholic liver disease', 'alcohol-induced liver disease', 'alcoholic liver diseases', 'alcohol-related liver disease', 'alcohol liver disease', 'Alcoholic Liver Disease', 'Alcohol-related liver disease', 'Alcoholic liver diseases', 'alcohol induced liver disease', 'Alcohol liver disease', 'alcohol-liver disease', 'Alcoholic Liver Diseases']"
ALD,aldosterone,"['aldosterone', 'Aldosterone', 'aldosteronism']"
ALD,anterior latissimus dorsi,"['anterior latissimus dorsi', 'Anterior latissimus dorsi', 'Anterior Latissimus Dorsi', 'Anterior Latissimus dorsi']"
ALD,aldolase,"['aldolase', 'Aldolase']"
ALD,atomic layer deposition,"['atomic layer deposition', 'Atomic layer deposition', 'atomic layer deposited', 'atomic layer-deposited', 'atomic layer depositions']"
ALD,alanine dehydrogenase,"['alanine dehydrogenase', 'Alanine dehydrogenase']"
ALD,alendronate,"['alendronate', 'Alendronate']"
ALD,approximate lethal dose,"['approximate lethal dose', 'approximate lethal doses']"
ALD,autoimmune lymphoproliferative disease,"['autoimmune lymphoproliferative disease', 'Autoimmune lymphoproliferative disease', 'autoimmune/lymphoproliferative disease']"
ALD,aspirin-like drugs,"['Aspirin-like drugs', 'aspirin-like drugs']"
APC,adenomatous polyposis coli,"['adenomatous polyposis coli', 'Adenomatous polyposis coli', 'Adenomatous Polyposis Coli', 'adenomatosis polyposis coli', 'Adenomatous Polyposis coli', 'adenomatous Polyposis coli', 'Adenomatous polyposis Coli', 'Adenomatosis polyposis coli', 'adenomateous polyposis coli', 'adenomatous polyposis Coli']"
APC,antigen-presenting cells,"['antigen-presenting cells', 'antigen presenting cells', 'antigen-presenting cell', 'antigen presenting cell', 'Antigen-presenting cells', 'Antigen presenting cells', 'Ag-presenting cells', 'antigen-presenting-cell', 'Antigen presenting cell', 'Antigen Presenting Cells', 'antigen-presenting-cells', 'Antigen-presenting cell', 'Ag-presenting cell', 'antigen-presented cells', 'Ag)-presenting cells', 'Ag) presenting cells', 'Antigen Presenting Cell', 'antigen presentation cell', 'antigen presentation cells', 'Ag presenting cells', 'antigen- presenting cell']"
APC,activated protein c,"['activated protein C', 'Activated protein C', 'Activated Protein C', 'activated Protein C', 'activated human protein C', 'activated bovine plasma protein C', 'Activated bovine plasma protein C', 'active protein C']"
APC,anaphase-promoting complex,"['anaphase-promoting complex', 'anaphase promoting complex', 'Anaphase Promoting Complex', 'Anaphase-promoting complex', 'Anaphase-Promoting Complex', 'anaphase-promoting complexes']"
APC,argon plasma coagulation,"['argon plasma coagulation', 'Argon plasma coagulation', 'Argon Plasma Coagulation', 'argon-plasma coagulation', 'argon plasma coagulator', 'argon-plasma-coagulation', 'Argon Plasma Coagulator', 'Argon-Plasma-Coagulation', 'Argon plasma-coagulation', 'Argon-Plasma Coagulation', 'Argon-plasma-coagulation']"
APC,aerobic plate count,"['aerobic plate count', 'aerobic plate counts', 'Aerobic Plate Count', 'Aerobic plate counts', 'Aerobic plate count', 'Aerobic Plate Counts']"
APC,allophycocyanin,"['allophycocyanin', 'Allophycocyanin', 'allophycocyanine', 'allophycocyanins', 'Allophycocyanine']"
APC,aphidicolin,"['aphidicolin', 'Aphidicolin']"
APC,age-period-cohort,"['age-period-cohort', 'age, period, and cohort', 'Age-Period-Cohort', 'Age-period-cohort', 'Age Period Cohort', 'age, period and cohort', 'age period cohort', 'age-period cohort']"
APC,air pollution control,"['air pollution control', 'air-pollution-control', 'Air pollution control', 'air pollution-control', 'Air Pollution Control']"
APC,anterior piriform cortex,['anterior piriform cortex']
AS,ankylosing spondylitis,"['ankylosing spondylitis', 'Ankylosing spondylitis', 'Ankylosing Spondylitis', 'ankylosing spondylarthritis', 'ankylosing spondyloarthritis', 'ankylosing spondilitis', 'Ankylosing, Spondylarthritis', 'Ankylosing spondylarthritis', 'Ankylosing Spondylarthritis']"
AS,aortic stenosis,"['aortic stenosis', 'aortic valve stenosis', 'Aortic stenosis', 'aortic stenoses', 'Aortic valve stenosis', 'Aortic Stenosis']"
AS,arsenic,"['arsenic', 'Arsenic', 'arsenate', 'Arsenate']"
AS,angelman syndrome,"['Angelman syndrome', 'Angelman Syndrome', 'Angelman syndromes', 'Angelman-Syndrome']"
AS,antisense,"['antisense', 'Antisense', 'anti-sense']"
AS,asperger syndrome,"['Asperger syndrome', 'Asperger Syndrome', ""Asperger's syndrome"", ""Asperger's Syndrome"", 'Asperger s syndrome', 'Aspergers Syndrome']"
AS,anxiety sensitivity,"['anxiety sensitivity', 'Anxiety sensitivity', 'Anxiety Sensitivity', 'atrial sensitivity', 'Anxiety Sensitive', 'anxiety sensitive']"
AS,active sleep,"['active sleep', 'Active sleep', 'Active Sleep', 'active-sleep', 'activated sleep', 'active"" sleep']"
AS,alport syndrome,"['Alport syndrome', ""Alport's syndrome"", ""Alport's Syndrome""]"
AS,atherosclerosis,"['atherosclerosis', 'atherosclerotic', 'Atherosclerosis', 'atherosclerotics']"
AS,alternative splicing,"['alternative splicing', 'Alternative splicing', 'alternatively spliced', 'alternative splice', 'alternative-splicing']"
AS,angelman syndrome,"['Angelman syndrome', 'Angelman Syndrome', 'Angelman syndromes', 'Angelman-Syndrome']"
AS,ankylosing spondylitis,"['ankylosing spondylitis', 'Ankylosing spondylitis', 'Ankylosing Spondylitis', 'ankylosing spondylarthritis', 'ankylosing spondyloarthritis', 'ankylosing spondilitis', 'Ankylosing, Spondylarthritis', 'Ankylosing spondylarthritis', 'Ankylosing Spondylarthritis']"
BZS,bannayan-zonana syndrome,"['Bannayan-Zonana syndrome', 'Bannayan Zonana syndrome']"
BZS,benzodiazepines,"['benzodiazepines', 'Benzodiazepines', 'benzodiazepine']"
BZS,benzimidazoles,['benzimidazoles']
BZS,benzofurazans,['benzofurazans']
CD,cowden disease,"['Cowden disease', ""Cowden's disease"", 'Cowden Disease']"
CD,circular dichroism,"['circular dichroism', 'Circular dichroism', 'circular dichroic', 'Circular Dichroism', 'Circular dichroic', 'circular-dichroism', 'circular dicroism', 'circular dichromism', 'circular dichrosim', 'Circular-dichroism', 'Circular dichrosim']"
CD,crohn's disease,"[""Crohn's disease"", 'Crohn disease', ""Crohn's Disease"", 'Crohns disease', 'Crohn s disease', ""Crohn's diseases"", 'Crohn Disease', 'Crohnos disease', ""Crohn' s disease"", 'Crohns Disease', 'Crohn""s disease', ""Crohn's diseased"", ""crohn's disease"", ""Crohns's disease"", ""Crohn' disease""]"
CD,cadmium,"['cadmium', 'Cadmium']"
CD,celiac disease,"['celiac disease', 'coeliac disease', 'Celiac disease', 'Coeliac disease', 'Coeliac Disease', 'Celiac Disease', 'coeliac diseases', 'celiac diseases', 'coeliac) disease']"
CD,conduct disorder,"['conduct disorder', 'Conduct Disorder', 'Conduct disorder', 'conduct disorders', 'conduct-disordered', 'Conduct-disordered', 'Conduct Disordered', 'Conduct disorders', 'conduct disordered']"
CD,cyclodextrin,"['cyclodextrin', 'cyclodextrins', 'Cyclodextrin', 'Cyclodextrins', 'cyclodextrine']"
CD,cytosine deaminase,"['cytosine deaminase', 'cytidine deaminase', 'Cytosine deaminase', 'Cytidine deaminase', 'Cytidine Deaminase']"
CD,cytochalasin d,"['cytochalasin D', 'Cytochalasin D', 'cytochalasin-D', 'cytochalasin B (CB) and D', 'cytochalasins B (CB) and D', 'cytochalasins b (CB) and d']"
CD,conjugated dienes,"['conjugated dienes', 'conjugated diene', 'Conjugated dienes', 'conjugated diens', 'Conjugated diene', 'conjugated-diene', 'Conjugated diens']"
CD,cluster of differentiation,"['cluster of differentiation', 'clusters of differentiation', 'cluster differentiation', 'Cluster of differentiation', 'cell differentiation', 'Clusters of Differentiation', 'Cluster of Differentiation', 'cluster-of-differentiation', 'cell-differentiating']"
CDM,congenital myotonic dystrophy,"['congenital myotonic dystrophy', 'congenital DM']"
CDM,chemically defined medium,"['chemically defined medium', 'chemically-defined media', 'chemically defined media', 'chemically-defined medium', 'Chemically defined medium']"
CDM,chlordimeform,"['chlordimeform', 'Chlordimeform']"
CDM,clean development mechanism,"['Clean Development Mechanism', 'clean development mechanism', 'Clean Development Mechanisms']"
CDM,clinical decision-making,"['clinical decision-making', 'clinical decision making', 'Clinical decision-making', 'Clinical decision making']"
CDM,complex demodulation,"['complex demodulation', 'Complex demodulation']"
CDM,cardiomyopathy,['cardiomyopathy']
CDM,chronic disease management,"['chronic disease management', 'Chronic Disease Management', 'Chronic disease management']"
CDM,cold dark matter,"['cold dark matter', 'Cold dark matter', 'cold-dark-matter']"
CDM,continuum damage mechanics,"['Continuum damage mechanics', 'Continuum Damage Mechanics', 'continuum damage mechanics']"
CDM,conventional diagnostic methods,['conventional diagnostic methods']
CLD,congenital chloride diarrhea,"['Congenital chloride diarrhea', 'congenital chloride diarrhea']"
CLD,chronic lung disease,"['chronic lung disease', 'Chronic lung disease', 'chronic lung diseases', 'cystic lung disease', 'Chronic Lung Disease', 'chronic Lung Disease']"
CLD,chronic liver disease,"['chronic liver disease', 'chronic liver diseases', 'Chronic liver disease']"
CLD,central lung distance,"['central lung distance', 'Central lung distance', 'central lung distances']"
CLD,combined lipase deficiency,"['Combined lipase deficiency', 'combined lipase deficiency', 'combined lipase-deficient']"
CLD,chronic lymphoproliferative disorders,"['chronic lymphoproliferative disorders', 'chronic lymphoproliferative diseases', 'chronic lymphoproliferative disorder', 'chronic lymphoproliferative disease']"
CLD,cephaloridine,"['cephaloridine', 'Cephaloridine']"
CLD,cholestatic liver disease,"['Cholestatic liver disease', 'cholestatic liver disease', 'cholestatic liver diseases']"
CLD,calmodulin-like domain,"['calmodulin-like domain', 'The cathelin-like domain']"
CLD,clonidine,['clonidine']
CLD,congenital lactase deficiency,"['Congenital lactase deficiency', 'congenital lactase deficiency']"
CRC,colorectal cancer,"['colorectal cancer', 'colorectal carcinoma', 'Colorectal cancer', 'colorectal cancers', 'colorectal carcinomas', 'Colorectal carcinoma', 'Colorectal Cancer', 'Colorectal cancers', 'rectal cancer', 'patients with colorectal', 'Colorectal carcinomas', 'colorectal-cancer', 'colorectal-carcinoma']"
CRC,concentration-response curve,"['concentration-response curve', 'concentration-response curves', 'concentration response curve', 'concentration response curves', 'Concentration-response curve', 'concentration - response curve']"
CRC,calcium release channel,"['calcium release channel', 'Ca2+ release channel', 'Ca2+-release channel', 'calcium release channels', 'Calcium Release Channel']"
CRC,colorectal adenocarcinoma,"['colorectal adenocarcinoma', 'colorectal adenocarcinomas', 'Colorectal adenocarcinoma']"
CRC,cancer research campaign,"['Cancer Research Campaign', 'Clinical Research Center', 'clinical research coordinators']"
CRC,controlled release capsule,"['controlled release capsule', 'controlled-release capsule', 'controlled- release capsule', 'controlled release capsules']"
CRC,creatinine clearance,"['creatinine clearance', 'creatinine clearances', 'Creatinine clearance']"
CRC,cerebrovascular reserve capacity,"['cerebrovascular reserve capacity', 'Cerebrovascular reserve capacity']"
CRC,crabs claw,"['CRABS CLAW', 'crabs claw']"
CRC,concentrated red blood cells,"['concentrated red blood cells', 'concentrated red cells', 'Concentrated red cells', 'concentrated red cell']"
CRC,convention on the rights of the child,['Convention on the Rights of the Child']
CT,copper toxicosis,"['copper toxicosis', 'Copper toxicosis']"
CT,computed tomography,"['computed tomography', 'computed tomographic', 'Computed tomography', 'computerized tomography', 'Computed tomographic', 'computer tomography', 'Computerized tomography', 'computerized tomographic', 'Computed Tomography', 'computerised tomography', 'Computer tomography', 'Computerized tomographic', 'computed tomogram', 'computer tomographic', 'Computerized Tomography', 'Computerised tomography', 'computed tomograms', 'computerised tomographic', 'computed-tomography', 'computed tomograph', 'computerized tomogram', 'computed tomographies', 'Computer Tomography', 'Computed Tomographic', 'computerized tomograms', 'computed-tomographic', 'computer-tomography', 'computed tomograpy', 'computerized tomograph', 'Computer tomographic', 'Computerised Tomography', 'Computed tomogram', 'microcomputed tomography', 'computed body tomography', 'Computerised tomographic', 'computed tomographs', 'computered tomography', 'Computed-tomography', 'computed tomographically', 'Computer Tomographic', 'computerized-tomography', 'computarized tomography', 'Computed tomograms', 'computer-tomographic', 'Computerized Tomographic', 'Computer-tomographic', 'Computed-tomographic', 'computerised tomogram', 'computed tomographical', 'computed transmission tomography', 'Computed topography', 'computerized tomographies', 'computed topography', 'compute tomography', 'computer topography', 'computer tomograph', 'Computing tomography', 'Computed Tomograph', 'Computerized-Tomography', 'computeric tomography', 'Compute tomography', 'computerize tomography', 'computer tomographies', 'Computer-Tomography', 'computed-Tomography', 'computational tomography', 'Computerized-tomography', 'Computer tomographical', 'Computed tomographies', 'computed tomographed', 'computerized, tomographic', 'Computed tomograph', 'Computerized tomograms', 'computed-tomographies', 'computer tomogram', 'Computerized tomographies', 'computered tomographic', 'computer-tomographical', 'Computered Tomography', 'Computing Tomography', 'computer tomograms', 'Computerize Tomography', 'computing tomography']"
CT,calcitonin,"['calcitonin', 'Calcitonin', 'critical thinking', 'calcitonine', 'Critical thinking', 'calcitonins']"
CT,cholera toxin,"['cholera toxin', 'Cholera toxin', 'cholera enterotoxin', 'cholerae toxin', 'choleratoxin', 'cholerae enterotoxin', 'cholera holotoxin', 'Cholera Toxin', 'Cholera enterotoxin', 'cholera-toxin', 'cholera toxins']"
CT,chemotherapy,"['chemotherapy', 'Chemotherapy', 'cryotherapy', 'Cryotherapy', 'chemotherapies']"
CT,chlamydia trachomatis,"['Chlamydia trachomatis', 'chlamydia trachomatis', 'Chlamydia Trachomatis', 'C. trachomatis', 'C trachomatis']"
CT,charge-transfer,"['charge-transfer', 'charge transfer', 'Charge transfer', 'Charge-transfer', 'charge transferred']"
CT,computerized axial tomography,"['computerized axial tomography', 'computed axial tomography', 'Computerized axial tomography', 'computerized axial tomographic', 'computerised axial tomography', 'Computerised axial tomography', 'computerized axial tomograms', 'Computerized Axial Tomography', 'computed axial tomographic', 'computerized transverse axial tomography', 'Computed axial tomography', 'computer axial tomography', 'computerized axial tomogram', 'Computed Axial Tomography', 'Computerized axial tomographic', 'Computerized transverse axial tomography', 'computerise axial tomography', 'Computerised Axial Tomography', 'computerized (axial) tomography', 'Computer axial tomography', 'computered axial tomography']"
CT,circadian time,"['circadian time', 'circadian times', 'Circulation time', 'circadian timed', 'circulation time', 'Circadian Time']"
CT,chorda tympani,"['chorda tympani', 'Chorda tympani']"
CTX,cerebrotendinous xanthomatosis,"['cerebrotendinous xanthomatosis', 'Cerebrotendinous xanthomatosis', 'Cerebrotendinous Xanthomatosis']"
CTX,cefotaxime,"['cefotaxime', 'Cefotaxime', 'cefotaxim']"
CTX,cholera toxin,"['cholera toxin', 'Cholera toxin', 'cobratoxin', 'cholera-toxin', 'choleratoxin', 'Cholera Toxin', 'cholerae toxin']"
CTX,charybdotoxin,"['charybdotoxin', 'Charybdotoxin']"
CTX,cortex,['cortex']
CTX,ciguatoxin,"['ciguatoxin', 'Ciguatoxin', 'Ciguatoxins']"
CTX,cardiotoxin,"['cardiotoxin', 'cardiotoxins', 'Cardiotoxin']"
CTX,cytotoxicity,"['cytotoxicity', 'cytotoxin', 'cytotoxins', 'cytotoxic', 'Cytotoxic', 'Cytotoxin']"
CTX,carboxyterminal telopeptides of type i collagen,"['carboxyterminal telopeptides of type I collagen', 'carboxyterminal telopeptide of type I collagen', 'carboxyterminal telopeptide of collagen I', 'carboxy-terminal telopeptide of type I collagen', 'Carboxy-terminal telopeptide of type I collagen']"
CTX,chemotaxis,"['chemotaxis', 'Chemotaxis']"
CTX,cytoxan,"['cytoxan', 'Cytoxan']"
DDS,denys-drash syndrome,"['Denys-Drash syndrome', 'Denys-Drash Syndrome', 'Denys Drash syndrome']"
DDS,drug delivery system,"['drug delivery system', 'drug delivery systems', 'Drug delivery systems', 'Drug delivery system', 'drug-delivery system', 'Drug Delivery System', 'Drug Delivery Systems', 'drugs delivery system', 'drug-delivery systems']"
DDS,diaminodiphenylsulfone,"['diaminodiphenylsulfone', 'diaminodiphenylsulphone', ""4,4'-diaminodiphenyl sulfone"", '4,4-diaminodiphenyl sulfone', ""4-4' DIAMINODIPHENYL SULFONE"", 'Diaminodiphenylsulphone', ""4:4'-diaminodiphenyl sulfone"", ""4-4'--Diaminodiphenyl Sulfone"", 'Diaminodiphenylsulfone', ""4-4'-diaminodiphenyl sulfone"", ""4:4' diaminodiphenyl sulfone"", '4, 4 -diaminodiphenyl sulfone', ""4-4'diaminodiphenyl sulfone""]"
DDS,diamino diphenyl sulphone,"['diamino diphenyl sulphone', 'diaminodiphenyl sulphone', 'Diaminodiphenyl sulphone', 'diamino-diphenyl sulfone', 'diamino-diphenyl-sulfone', 'Diamino diphenyl sulfone', 'diamino-diphenyl-sulphone']"
DDS,dialysis disequilibrium syndrome,"['dialysis disequilibrium syndrome', 'Dialysis disequilibrium syndrome']"
DDS,disorders,['disorders']
DDS,dietary diversity score,"['dietary diversity score', 'Dietary Diversity Score']"
DDS,developmental disabilities,"['developmental disabilities', 'Developmental disabilities', 'developmental disability']"
DDS,duplex doppler sonography,"['duplex Doppler sonography', 'Duplex Doppler sonography']"
DDS,death domains,['death domains']
DDS,drug dapsone,"['drug dapsone', 'drug Dapsone', 'drugs dapsone']"
DM,myotonic dystrophy,"['myotonic dystrophy', 'Myotonic dystrophy', 'myotonic muscular dystrophy', 'Myotonic dystrophies', 'Myotonic Dystrophy', 'Myotonic muscular dystrophy']"
DM,diabetes mellitus,"['diabetes mellitus', 'Diabetes mellitus', 'Diabetes Mellitus', 'diabetic mellitus', 'DIABETES MELLITUS']"
DM,dry matter,"['dry matter', 'Dry matter', 'dark matter', 'Dry Matter', 'dry-matter', 'Dry-matter']"
DM,dermatomyositis,"['dermatomyositis', 'Dermatomyositis']"
DM,dextromethorphan,"['dextromethorphan', 'Dextromethorphan']"
DM,distant metastasis,"['distant metastasis', 'distant metastases', 'Distant metastasis', 'Distant metastases']"
DM,disease management,"['disease management', 'Disease management', 'Disease Management', 'Disaster management', 'disease-management']"
DM,dexamethasone,"['dexamethasone', 'Dexamethasone', 'dexamethason']"
DM,dorsomedial,"['dorsomedial', 'dorsomedialis']"
DM,daunomycin,"['daunomycin', 'Daunomycin']"
DM,descemet's membrane,"[""Descemet's membrane"", 'Descemet membrane', 'Descemet Membrane', ""Descemet's membranes""]"
DMD,duchenne muscular dystrophy,"['Duchenne muscular dystrophy', ""Duchenne's muscular dystrophy"", 'Duchenne Muscular Dystrophy', 'Duchenne type muscular dystrophy', 'Duchenne-type muscular dystrophy', 'Duchenne/Becker muscular dystrophy', 'Duchenne) muscular dystrophy', 'duchenne muscular dystrophy', 'Duchenne muscular Dystrophy', ""Duchenne's) muscular dystrophy"", 'Duchenne-muscular-dystrophy', 'Duchenne Muscular dystrophy', ""Duchenne's Muscular Dystrophy"", 'Duchennes muscular dystrophy']"
DMD,dm digestibility,"['DM digestibility', 'dry matter digestibility', 'Dry matter digestibility', 'dry matter digestion', 'dry matter digestibilities']"
DMD,differentially methylated domain,['differentially methylated domain']
DMD,duchenne's progressive muscular dystrophy,"[""Duchenne's progressive muscular dystrophy"", 'patients with Duchenne-type progressive muscular dystrophy', 'Duchenne progressive muscular dystrophy', 'patients with progressive muscular dystrophy of the Duchenne type', 'Duchenne (progressive) muscular dystrophy']"
DMD,digital micromirror device,"['digital micromirror device', 'Digital Micromirror Device']"
DMD,dystonia musculorum deformans,"['dystonia musculorum deformans', 'Dystonia musculorum deformans', 'Dystonia Musculorum Deformans']"
DMD,dimethyldioxirane,['dimethyldioxirane']
DMD,desmethyldiazepam,['desmethyldiazepam']
DMD,disease-modifying drug,"['disease-modifying drug', 'Disease-modifying drugs', 'disease modifying drugs', 'disease modifying drug']"
DMD,discrete molecular dynamics,"['discrete molecular dynamics', 'Discrete molecular dynamics']"
DMD,desmethyldoxepin,['desmethyldoxepin']
DMS,diffuse mesangial sclerosis,"['diffuse mesangial sclerosis', 'Diffuse mesangial sclerosis']"
DMS,dimethyl sulfide,"['dimethyl sulfide', 'dimethyl sulfate', 'dimethylsulfate', 'dimethylsulfide', 'dimethyl sulphate', 'dimethylsulphate', 'dimethyl sulphide', 'dimethylsulphide', 'Dimethyl sulfide', 'Dimethyl sulfate', 'Dimethylsulfide', 'Dimethyl sulphate', 'Dimethylsulfate', 'Dimethylsulphide']"
DMS,double minutes,"['double minutes', 'Double minutes', 'double-minutes', 'double minute']"
DMS,delayed match-to-sample,"['delayed match-to-sample', 'delayed matching-to-sample', 'delayed-match-to-sample', 'delayed matching to sample', 'delayed-matching-to-sample', 'Delayed Matching-to-Sample', 'delayed match to sample', 'Delayed matching-to sample']"
DMS,dimethyl suberimidate,"['dimethyl suberimidate', 'dimethylsuberimidate', 'dimethyl-suberimidate', 'Dimethylsuberimidate', 'Dimethyl suberimidate']"
DMS,dexamethasone,"['dexamethasone', 'Dexamethasone']"
DMS,demarcation membrane system,['demarcation membrane system']
DMS,delusional misidentification syndromes,"['delusional misidentification syndromes', 'delusional misidentification syndrome', 'Delusional misidentification syndromes', 'Delusional Misidentification Syndrome']"
DMS,differential mobility spectrometry,"['differential mobility spectrometry', 'Differential mobility spectrometry', 'differential mobility spectrometer', 'Differential Mobility Spectrometry', 'differential-mobility spectrometry']"
DMS,diluted magnetic semiconductor,"['diluted magnetic semiconductor', 'dilute magnetic semiconductor', 'diluted magnetic semiconductors', 'Diluted magnetic semiconductor', 'dilute magnetic semiconductors']"
DMS,difficulty maintaining sleep,"['difficulty maintaining sleep', 'difficulty in maintaining sleep', 'Difficulty maintaining sleep']"
FAP,familial adenomatous polyposis,"['familial adenomatous polyposis', 'Familial adenomatous polyposis', 'Familial Adenomatous Polyposis', 'familiar adenomatous polyposis', 'Familial Adenomatous polyposis', 'Familiar adenomatous polyposis', 'familial polyposis', 'Family Polyposis']"
FAP,familial amyloidotic polyneuropathy,"['familial amyloidotic polyneuropathy', 'familial amyloid polyneuropathy', 'Familial amyloidotic polyneuropathy', 'Familial amyloid polyneuropathy', 'familial amyloidosis with polyneuropathy', 'Familial Amyloidotic Polyneuropathy', 'familial amyloidotic polyneuropathies', 'familial amyloid polyneuropathies', 'familial amyloid neuropathies', 'Familial amyloidosis with polyneuropathy', 'Familial amyloid polyneuropathies', 'Familial Amyloid Polyneuropathy', 'familial amyloid neuropathy']"
FAP,fibroblast activation protein,"['fibroblast activation protein', 'Fibroblast activation protein', 'Fibroblast Activation Protein', 'fibroblast-activation protein']"
FAP,functional abdominal pain,"['functional abdominal pain', 'Functional abdominal pain']"
FAP,femoral artery pressure,"['femoral artery pressure', 'femoral arterial pressure', 'Femoral artery pressure', 'feeding artery pressure', 'Feeding artery pressure']"
FAP,fluorapatite,['fluorapatite']
FAP,fetoacinar pancreatic,"['fetoacinar pancreatic', 'Fetoacinar pancreatic']"
FAP,fibronectin attachment protein,"['fibronectin attachment protein', 'fibronectin-attachment protein']"
FAP,fluorescent age pigment,['fluorescent age pigment']
FAP,frequency augmentation-potentiation,['frequency augmentation-potentiation']
HC,hereditary coproporphyria,"['Hereditary coproporphyria', 'hereditary coproporphyria']"
HC,hydrocortisone,"['hydrocortisone', 'Hydrocortisone', 'hydrocortison']"
HC,healthy controls,"['healthy controls', 'healthy control', 'healthy comparison', 'Healthy controls', 'Healthy Controls', 'healthy-controls', 'Healthy control']"
HC,head circumference,"['head circumference', 'hip circumference', 'Head circumference', 'head circumferences', 'Hip circumference']"
HC,heavy chain,"['heavy chain', 'heavy chains', 'heavy-chain', 'H chain', 'Heavy chain']"
HC,hypertrophic cardiomyopathy,"['hypertrophic cardiomyopathy', 'Hypertrophic cardiomyopathy', 'Hypertrophic Cardiomyopathy']"
HC,hypercholesterolemia,"['hypercholesterolemia', 'hypercholesterolemic', 'Hypercholesterolemia', 'hypercholesterolaemia', 'hypercholesterolaemic', 'Hypercholesterolemic', 'Hypercholesterolaemia']"
HC,hemorrhagic cystitis,"['hemorrhagic cystitis', 'Hemorrhagic cystitis', 'hepatitis C', 'haemorrhagic cystitis', 'Haemorrhagic cystitis', 'Hepatitis C', 'hemorrhage cystitis']"
HC,high-carbohydrate,"['high-carbohydrate', 'high carbohydrate', 'High-carbohydrate', 'High carbohydrate', 'high-carbohydrates']"
HC,hippocampus,"['hippocampus', 'hippocampal', 'Hippocampal', 'Hippocampus']"
HC,hydrocarbon,"['hydrocarbon', 'hydrocarbons', 'Hydrocarbon']"
HCP,hereditary coproporphyria,"['hereditary coproporphyria', 'Hereditary coproporphyria', 'Hereditary chronic pancreatitis', 'hereditary chronic pancreatitis']"
HCP,hexachlorophene,"['hexachlorophene', 'Hexachlorophene']"
HCP,health care provider,"['health care provider', 'health care providers', 'healthcare provider', 'healthcare providers', 'health-care provider', 'health-care-provider', 'Health Care Provider', 'health-care providers']"
HCP,hexagonal close-packed,"['hexagonal close-packed', 'hexagonal-close-packed', 'hexagonal close packed', 'hexagonal closed-packed', 'hexagonally close-packed', 'hexagonally close packed']"
HCP,health care professionals,"['health care professionals', 'health care professional', 'healthcare professional', 'health-care professionals', 'healthcare professionals']"
HCP,health care personnel,"['health care personnel', 'health-care personnel', 'health care proxy', 'Health care personnel', 'Health Care Proxy']"
HCP,hematopoietic cell phosphatase,"['hematopoietic cell phosphatase', 'Hematopoietic cell phosphatase', 'haematopoietic cell phosphatase', 'Haematopoietic cell phosphatase']"
HCP,hearing conservation program,"['hearing conservation program', 'hearing conservation programs', 'Hearing Conservation Program']"
HCP,heavy charged particles,"['heavy charged particles', 'heavy charged particle', 'heavy charged-particle']"
HCP,host cell protein,"['host cell protein', 'host cell proteins']"
HCP,hamster cheek pouch,"['hamster cheek pouch', 'Hamster cheek pouches']"
HD,huntington disease,"[""Huntington's disease"", 'Huntington disease', ""Huntington's Disease"", 'Huntington Disease', ""Huntington's diseases"", 'Huntingtons disease', 'Huntington;s disease', 'Huntington s disease']"
HD,hemodialysis,"['hemodialysis', 'haemodialysis', 'Hemodialysis', 'hemodialyzed', 'Haemodialysis', 'haemodialysed', 'hemodialysed', 'hemodialyses', 'haemodialyzed', 'hemodialysate', 'Haemodialyzed', 'Hemodialyses', 'haemodialyses']"
HD,hodgkin's disease,"[""Hodgkin's disease"", 'Hodgkin disease', ""Hodgkin's Disease"", 'Hodgkins disease', ""Hodgkin's diseases"", 'Hodgkin Disease', 'Hodgkins Disease', ""Hodgkin' s disease"", ""Hodgkin'S disease"", ""Hodgkin 's disease"", 'Hodgkin diseases', ""HODGKIN'S DISEASE""]"
HD,hirschsprung's disease,"[""Hirschsprung's disease"", 'Hirschsprung disease', ""Hirschsprung's Disease"", 'Hirschsprung Disease']"
HD,high-dose,"['high-dose', 'high dose', 'higher dose', 'High-dose', 'higher-dose', 'High dose', 'high doses']"
HD,homeodomain,"['homeodomain', 'Homeodomain', 'homeodomains', 'homeo domain', 'Homeo domain']"
HD,hypertensive disease,"['hypertensive disease', 'heart disease', 'Hydatid disease', 'hydatid disease', 'hypertension disease', 'heart diseases']"
HD,healthy donors,"['healthy donors', 'healthy donor']"
HD,high density,"['high density', 'high-density', 'High-density', 'High density', 'high densities', 'High Density']"
HD,head direction,"['head direction', 'Head direction', 'head-direction', 'Head-direction', 'heading direction']"
HD,house dust,"['house dust', 'house-dust', 'House dust']"
HH,hereditary hemochromatosis,"['hereditary hemochromatosis', 'Hereditary hemochromatosis', 'hereditary haemochromatosis', 'Hereditary haemochromatosis', 'Hereditary Haemochromatosis', 'Hereditary Hemochromatosis', 'hereditary) haemochromatosis']"
HH,hedgehog,"['Hedgehog', 'hedgehog', 'Hedgehogs', 'HEDGEHOG']"
HH,hypogonadotropic hypogonadism,"['hypogonadotropic hypogonadism', 'hypogonadotrophic hypogonadism', 'Hypogonadotropic hypogonadism', 'hypogonadotrophic hypogonadic', 'Hypogonadotropic Hypogonadism', 'Hypogonadotrophic hypogonadism']"
HH,hiatal hernia,"['hiatal hernia', 'hiatus hernia', 'Hiatus hernia', 'hiatal hernias', 'Hiatal Hernia']"
HH,hodgkin-huxley,"['Hodgkin-Huxley', 'Hodgkin and Huxley', 'Hodgkin Huxley']"
HH,hypothalamic hamartoma,"['hypothalamic hamartoma', 'hypothalamic hamartomas', 'Hypothalamic hamartoma', 'Hypothalamic hamartomas', 'Hypothalamic Hamartoma']"
HH,hamburger and hamilton,"['Hamburger and Hamilton', 'Hamburger-Hamilton', 'Hamburger Hamilton']"
HH,hypobaric hypoxia,"['hypobaric hypoxia', 'hypoxic hypoxia', 'hypercapnic hypoxia', 'Hypobaric hypoxia']"
HH,head-to-head,"['head-to-head', 'Head-to-head']"
HH,hemorrhagic hypotension,"['hemorrhagic hypotension', 'hypoxia and hypotension', 'hemorrhagic hypotensive', 'Hemorrhagic hypotension', 'Hypoxia and Hypotension']"
HH,heated humidifier,"['heated humidifier', 'heated humidifiers', 'Heated humidifiers', 'Heated Humidifier']"
HUS,hemolytic uremic syndrome,"['hemolytic uremic syndrome', 'hemolytic-uremic syndrome', 'haemolytic uraemic syndrome', 'Hemolytic uremic syndrome', 'haemolytic-uraemic syndrome', 'Hemolytic-uremic syndrome', 'Haemolytic uraemic syndrome', 'Hemolytic Uremic Syndrome', 'haemolytic uremic syndrome', 'Haemolytic-uraemic syndrome', 'haemolytic-uremic syndrome', 'Haemolytic Uraemic Syndrome', 'Haemolytic Uremic Syndrome', 'Hemolytic-Uremic Syndrome', 'hemolytic and uremic syndrome', 'Hemolytic and uremic syndrome', 'hemolytic uremic-syndrome', 'hemolytic- uremic syndrome', 'Haemolytic-Uraemic Syndrome', 'hemolytic uremic syndrom', 'Haemolytic uremic syndrome', 'Haemolytic-uremic syndrome']"
HUS,head ultrasound,"['head ultrasound', 'Heel ultrasound', 'head ultrasounds']"
HUS,hounsfield units,['Hounsfield units']
HUS,human serum,['human serum']
IDDM,insulin-dependent diabetes mellitus,"['insulin-dependent diabetes mellitus', 'insulin dependent diabetes mellitus', 'Insulin-dependent diabetes mellitus', 'insulin-dependent) diabetes mellitus', 'Insulin Dependent Diabetes Mellitus', 'insulin-dependent (Type 1) diabetes mellitus', 'insulin-dependent (type 1) diabetes mellitus', 'insulin-dependent (type I) diabetes mellitus', 'Insulin dependent diabetes mellitus', 'Insulin-Dependent Diabetes Mellitus', 'insulin-dependent diabetic mellitus', 'insulin dependent) diabetes mellitus', 'insulin-dependent-diabetes mellitus', 'development of insulin-dependent diabetes', 'human insulin-dependent diabetes', 'Insulin-dependent type 1 diabetes mellitus', 'insulin- dependent diabetes mellitus', 'insulin-dependent Diabetes mellitus', 'insulin dependent diabetes mellitis', 'women with insulin-dependent diabetes', 'Insulin-dependent (type 1) diabetes mellitus', 'insulin-dependent Diabetes Mellitus', 'insulin dependent (type I) diabetes mellitus', 'insulin dependent, diabetes mellitus', 'Insulin-dependent (Type 1) diabetes mellitus', 'Insulin dependent (type I) diabetes mellitus', 'insulin-dependent diabetes mellitis', 'insulin-dependent, diabetes mellitus', 'insulin-dependant diabetes mellitus', 'Insulin-Dependent Diabetes Melitus', 'insulin-dependent type I diabetes mellitus', 'INSULIN-dependent (type I) diabetes mellitus', 'insulin dependent type I diabetes mellitus', 'Insulin-dependant diabetes mellitus', 'Insulin-dependent (type I) diabetes mellitus', 'insulin-dependent-diabetes-mellitus', 'insulin dependant diabetes mellitus', 'insulin dependent (type 1) diabetes mellitus', 'insulin dependent diabetes melitus', 'insulin-dependent type 1 diabetes mellitus', 'insulin-dependent diabetes melitus', 'insulin-dependent, type I diabetes mellitus', 'insulin-dependent (Type I) diabetes mellitus', 'insulin-dependent diabetes-mellitus', 'insulin dependent diabetic mellitus', 'women) with insulin-dependent diabetes','insulin-dependent DM', 'insulin-dependent mellitus']"
IDDM,infants of drug-dependent mothers,"['infants of drug-dependent mothers', 'infants of drug dependent mothers']"
IDMS,isolated diffuse mesangial sclerosis,['isolated diffuse mesangial sclerosis']
IDMS,isotope dilution mass spectrometry,"['isotope dilution mass spectrometry', 'isotope-dilution mass spectrometry', 'isotope dilution mass spectrometric', 'Isotope dilution mass spectrometry', 'isotope dilution/mass spectrometry', 'isotopic dilution mass spectrometry', 'isotope dilution-mass spectrometry', 'Isotope-dilution mass spectrometry']"
IDMS,infants of diabetic mothers,"['infants of diabetic mothers', 'Infants of diabetic mothers']"
IVF,idiopathic ventricular fibrillation,"['idiopathic ventricular fibrillation', 'Idiopathic ventricular fibrillation', 'idiopathic"" ventricular fibrillation']"
IVF,intravenous fluid,"['intravenous fluid', 'intravenous fluids']"
IVF,intrauterine insemination (iui) or in vitro fertilization,"['intrauterine insemination (IUI) or in vitro fertilization', 'intrauterine insemination (IUI), in vitro fertilization', 'artificial insemination (AI) and in vitro fertilization', 'insemination and in vitro fertilization', 'insemination and in-vitro fertilization', 'intrauterine insemination (IUI) or in-vitro fertilization', 'artificial insemination (AI), and in vitro fertilization']"
IVF,intracytoplasmic sperm injection (icsi) and in vitro fertilization,"['intracytoplasmic sperm injection (ICSI) and in vitro fertilization', 'spermatozoa for in-vitro fertilization', 'spermatozoa for in vitro fertilization', 'intracytoplasmic sperm injection (ICSI), and in vitro fertilization']"
IVF,intervertebral foramen,"['intervertebral foramen', 'intervertebral foramina']"
IVF,intravenous feeding,['intravenous feeding']
MHP,mild hyperphenylalaninemia,"['mild hyperphenylalaninemia', 'mild hyperphenylalaninaemia']"
MHP,mental health professional,"['mental health professional', 'mental health problems', 'mental health problem', 'mental health professionals', 'Mental Health Professional']"
MHP,monosymptomatic hypochondriacal psychosis,"['monosymptomatic hypochondriacal psychosis', 'Monosymptomatic hypochondriacal psychosis', 'Monosymptomatic Hypochondriacal Psychosis']"
MHP,metabolic heat production,"['metabolic heat production', 'Metabolic heat production']"
MHP,median hinge point,"['median hinge point', 'median hinge-point']"
MHP,molecular hydrophobicity potential,"['molecular hydrophobicity potential', 'Molecular Hydrophobic Potential', 'molecular hydrophobic potentials']"
MHP,maintenance hemodialysis patients,['maintenance hemodialysis patients']
MHP,mitochondrial hyperpolarization,"['mitochondrial hyperpolarization', 'Mitochondrial hyperpolarization']"
MJD,machado-joseph disease,"['Machado-Joseph disease', 'Machado Joseph Disease', 'Machado-Joseph Disease', 'Machado Joseph disease', 'Machado--Joseph disease']"
MJD,mseleni joint disease,"['Mseleni joint disease', 'Mseleni Joint Disease']"
MLD,metachromatic leukodystrophy,"['metachromatic leukodystrophy', 'Metachromatic leukodystrophy', 'metachromatic leucodystrophy', 'Metachromatic leucodystrophy', 'Metachromatic Leukodystrophy', 'METACHROMATIC LEUKODYSTROPHY', 'Metachromatic leucodystrophies', 'metachromatic leukodystrophies']"
MLD,minimal lumen diameter,"['minimal lumen diameter', 'minimal luminal diameter', 'minimum lumen diameter', 'minimum luminal diameter', 'Minimal luminal diameter', 'Minimal lumen diameter', 'Minimum luminal diameter', 'minimal lumen diameters', 'Minimum lumen diameter', 'Minimum lumen diameters', 'minimum lumen diameters', 'Minimal luminal diameters', 'minimal lumenal diameter', 'minimal luminal diameters']"
MLD,mean lung dose,"['mean lung dose', 'mean lung density', 'Mean lung density', 'Mean Lung Dose', 'Mean lung dose', 'mean lung densities']"
MLD,masking level difference,"['masking level difference', 'masking-level difference', 'masking level differences', 'Masking level difference', 'Masking-Level Difference', 'Masking Level Difference', 'Masking level differences']"
MLD,median lethal dose,"['median lethal dose', 'minimum lethal dose', 'minimal lethal dose', 'minimum lethal doses', 'median lethal doses', 'minimal lethal doses', 'Minimum lethal dose', 'Minimum Lethal Dose', 'Minimum lethal doses', 'Median lethal doses']"
MLD,myelin deficient,"['myelin deficient', 'myelin-deficient', 'Myelin-deficient', 'Myelin deficiency', 'myelin deficiency', 'Myelin-deficiency']"
MLD,manual lymphatic drainage,"['manual lymphatic drainage', 'manual lymph drainage', 'Manual lymphatic drainage', 'Manual lymph drainage']"
MLD,mathematics learning disabilities,"['mathematics learning disabilities', 'mathematics learning disability', 'mathematical learning disability', 'mathematical learning disabilities', 'Mathematical learning disabilities']"
MLD,mouse lethal doses,"['mouse lethal doses', 'mouse lethal dose']"
MLD,microlumbar discectomy,"['microlumbar discectomy', 'Microlumbar discectomy']"
MLD,malignant lymphoproliferative diseases,"['malignant lymphoproliferative diseases', 'malignant lymphoproliferative disease']"
MPS,mucopolysaccharidosis,"['mucopolysaccharidosis', 'mucopolysaccharidoses', 'mucopolysaccharides', 'Mucopolysaccharidosis', 'Mucopolysaccharidoses', 'mucopolysaccharide', 'Mucopolysaccharide', 'mucopolysaccharidose', 'Mucopolysaccharides']"
MPS,mononuclear phagocyte system,"['mononuclear phagocyte system', 'mononuclear phagocytic system', 'mononuclear phagocyte series', 'Mononuclear phagocyte system', 'mononuclear-phagocyte system', 'Mononuclear Phagocyte System', 'mononuclear phagocytes system', 'mononuclear phagocytic systems', 'mononuclear phagocytes series', 'Mononuclear-Phagocytic-System', 'Mononuclear phagocyte series', 'mononuclear-phagocyte series']"
MPS,myocardial perfusion scintigraphy,"['myocardial perfusion scintigraphy', 'myocardial perfusion SPECT', 'Myocardial perfusion scintigraphy', 'Myocardial Perfusion SPECT', 'Myocardial perfusion SPECT']"
MPS,microparticles,"['microparticles', 'Microparticles']"
MPS,movement proteins,"['movement proteins', 'membrane proteins', 'Movement proteins']"
MPS,myofascial pain syndrome,"['myofascial pain syndrome', 'Myofascial pain syndrome', 'Myofascial Pain Syndrome', 'Myofascial pain syndromes']"
MPS,methylprednisolone,"['methylprednisolone', 'methyl prednisolone', 'Methylprednisolone']"
MPS,macrophages,"['macrophages', 'Macrophages']"
MPS,myeloproliferative syndrome,"['myeloproliferative syndrome', 'myeloproliferative syndromes', 'Myeloproliferative syndromes']"
MPS,macular photocoagulation study,"['Macular Photocoagulation Study', 'macular photocoagulation study', 'Macular Photocoagulation Studies']"
MPS,methacryloxypropyltrimethoxysilane,"['methacryloxypropyltrimethoxysilane', '3-mercaptopropyltrimethoxysilane']"
PAH,phenylalanine hydroxylase,"['phenylalanine hydroxylase', 'Phenylalanine hydroxylase', 'phenylalanine hydroxilase', 'phenylalanine (4)-hydroxylase', 'phenylalanine 4-hydroxylase', 'phenylalanine-4-hydroxylase']"
PAH,polycyclic aromatic hydrocarbons,"['polycyclic aromatic hydrocarbons', 'polycyclic aromatic hydrocarbon', 'Polycyclic aromatic hydrocarbons', 'Polycyclic aromatic hydrocarbon', 'polynuclear aromatic hydrocarbons', 'polyaromatic hydrocarbons', 'polyaromatic hydrocarbon', 'polynuclear aromatic hydrocarbon', 'Polycyclic Aromatic Hydrocarbons', 'Polyaromatic hydrocarbon', 'Polynuclear aromatic hydrocarbon', 'Polynuclear aromatic hydrocarbons', 'Polycyclic Aromatic Hydrocarbon', 'polycylic aromatic hydrocarbon', 'polycylic aromatic hydrocarbons', 'polycyclic-aromatic hydrocarbons', 'polycyclic aromatics hydrocarbons', 'polycyclic, aromatic hydrocarbons', 'polycyclic-aromatic hydrocarbon', 'polycyclic-aromatic-hydrocarbons']"
PAH,pulmonary arterial hypertension,"['pulmonary arterial hypertension', 'Pulmonary arterial hypertension', 'pulmonary artery hypertension', 'Pulmonary Arterial Hypertension', 'primary arterial hypertension', 'Pulmonary artery hypertension', 'patients with primary arterial hypotension', 'Pulmonary Artery Hypertension', 'pulmonary (arterial) hypertension', 'pulmonary arterial hypertensive']"
PAH,p-aminohippurate,"['p-aminohippurate', 'para-aminohippurate', 'paraaminohippurate', 'p-Aminohippurate', 'para-amino-hippurate', 'p-amino-hippurate', 'Para-aminohippurate', 'rho-aminohippurate', 'para-amino hippurate', 'p-amino hippurate', 'P-aminohippurate', 'para-aminohippuric', 'p-aminohippuric', 'Para-aminohippuric', 'Paraaminohippurate', 'P-amino hippurate']"
PAH,predicted adult height,"['predicted adult height', 'projected adult height', 'Predicted adult height']"
PAH,pulmonary hypertension,"['pulmonary hypertension', 'Pulmonary hypertension']"
PAH,polyallylamine hydrochloride,"['polyallylamine hydrochloride', 'Polyallylamine hydrochloride']"
PAH,postatrophic hyperplasia,"['postatrophic hyperplasia', 'Postatrophic hyperplasia']"
PAH,pregnancy-associated hypertension,"['pregnancy-associated hypertension', 'pregnancy aggravated hypertension', 'pregnancy associated hypertension', 'pregnancy-aggravated hypertension']"
PAH,paired amphipathic helix,['paired amphipathic helix']
PAH,primary adrenal hyperplasia,['primary adrenal hyperplasia']
PDS,pendred syndrome,"['Pendred syndrome', ""Pendred's syndrome""]"
PDS,personality disorders,"['personality disorders', 'peritoneal dialysis solution', 'Personality disorders', 'peritoneal dialysis solutions', 'Personality Disorders', 'personality disorder']"
PDS,paroxysmal depolarization shifts,"['paroxysmal depolarization shifts', 'paroxysmal depolarizing shift', 'paroxysmal depolarization shift', 'paroxysmal depolarizing shifts', 'Paroxysmal depolarization shifts', 'Paroxysmal depolarizing shifts', 'paroxysmal depolarising shift', 'paroxysmal depolarisation shift', 'paroxysmal depolarisation shifts']"
PDS,population doublings,"['population doublings', 'Population doublings']"
PDS,plasma-derived serum,"['plasma-derived serum', 'plasma derived serum']"
PDS,phytoene desaturase,"['phytoene desaturase', 'Phytoene desaturase', 'Phytoene Desaturase']"
PDS,program directors,"['program directors', 'Program directors']"
PDS,power doppler sonography,"['power Doppler sonography', 'pulsed Doppler sonography', 'Power Doppler sonography', 'Power Doppler Sonography']"
PDS,pigment dispersion syndrome,"['pigment dispersion syndrome', 'pigmentary dispersion syndrome', 'Pigment dispersion syndrome']"
PDS,power density spectrum,"['power density spectrum', 'power density spectra', 'power-density spectrum']"
PDS,public dental service,"['Public Dental Service', 'Public Dental Services']"
PWS,prader-willi syndrome,"['Prader-Willi syndrome', 'Prader-Willi Syndrome', 'Prader Willi syndrome', 'Prader-Labhart-Willi syndrome', 'Prader Willi Syndrome', 'Prader-Willi syndromes', 'Prader-Willi; Syndrome', 'Prader--Willi syndrome']"
PWS,port wine stain,"['port wine stains', 'port wine stain', 'port-wine stains', 'port-wine stain', 'Port-wine stains', 'portwine stains', 'Port wine stains', 'Port-wine stain', 'portwine stain', 'Port Wine Stains', 'Port Wine Stain', 'Portwine stain']"
PWS,persons who stutter,"['persons who stutter', 'people who stutter', 'person who stutters']"
PWS,prince william sound,['Prince William Sound']
PWS,pressure waves,['pressure waves']
PWS,preferred walking speed,"['preferred walking speed', 'Preferred Walking Speed']"
PWS,plagiocephaly without synostosis,"['plagiocephaly without synostosis', 'plagiocephalies without synostosis']"
PWS,powdered waste sludge,"['powdered waste sludge', 'Powdered waste sludge']"
PWS,peripheral waves,"['peripheral waves', 'Peripheral waves']"
SJS,schwartz-jampel syndrome,['Schwartz-Jampel syndrome']
SJS,stevens-johnson syndrome,"['Stevens-Johnson syndrome', 'Stevens-Johnson Syndrome', 'Stevens Johnson syndrome', 'Stevens Johnson Syndrome', 'Stevens-Johnsons-syndrome', 'Steven-Johnson syndrome', 'Stevens- Johnson syndrome', 'Steven Johnson syndrome']"
SJS,sjögren's syndrome,"[""Sjögren's syndrome"", 'Sjögren syndrome', ""Sjogren's syndrome""]"
SJS,synaptic junctions,"['synaptic junctions', 'Synaptic junctions']"
SJS,septate junctions,"['septate junctions', 'Septate junctions']"
SJS,swyer-james syndrome,"['Swyer-James syndrome', 'Swyer James syndrome']"
SWS,stuve-wiedemann syndrome,"['Stüve-Wiedemann syndrome', 'Stuve-Wiedemann syndrome']"
SWS,slow wave sleep,"['slow wave sleep', 'slow-wave sleep', 'Slow wave sleep', 'Slow Wave Sleep', 'Slow-wave sleep', 'slow-wave-sleep', 'slow waves sleep', 'Slow-Wave Sleep']"
SWS,sturge-weber syndrome,"['Sturge-Weber syndrome', 'Sturge-Weber Syndrome', 'Sturge - Weber syndrome', 'Sturge Weber syndrome']"
SWS,short-wavelength-sensitive,"['short-wavelength-sensitive', 'short-wavelength sensitive', 'short wavelength-sensitive', 'short wavelength sensitive', 'short-wave-sensitive', 'Short-wavelength-sensitive', 'short-wavelength)-sensitive', 'short wave-sensitive', 'Short-Wavelength-Sensitive']"
SWS,sex workers,"['sex workers', 'Sex workers']"
SWS,shock waves,"['shock waves', 'RESULTS: Slow waves', 'Shock waves']"
SWS,stimulated whole saliva,"['stimulated whole saliva', 'Stimulated whole saliva']"
SWS,stab wounds,['stab wounds']
SWS,safe water system,['Safe Water System']
SWS,systolic wall stress,"['systolic wall stress', 'Systolic wall stress']"
SWS,shockwaves,['shockwaves']
TSD,tay-sachs disease,"['Tay-Sachs disease', 'Tay-Sachs Disease', 'Tay--Sachs Disease', 'Tay Sachs disease']"
TSD,total sleep deprivation,"['total sleep deprivation', 'Total sleep deprivation', 'totally sleep-deprived', 'Total Sleep Deprivation', 'total sleep-deprived', 'totally sleep deprived']"
TSD,temperature-dependent sex determination,"['temperature-dependent sex determination', 'Temperature-dependent sex determination', 'temperature dependent sex determination', 'temperature dependent sex determining', 'Temperature-dependent sex-determination']"
TSD,thermionic specific detection,['thermionic specific detection']
TSD,template-and-sequence-directed,"['template-and-sequence-directed', 'template- and sequence-directed']"
TSD,theory of signal detection,"['theory of signal detection', 'theory of signal detectability']"
TSD,tooth size discrepancies,"['tooth size discrepancies', 'tooth-size discrepancies', 'tooth size discrepancy']"
TSD,target to skin distance,"['target to skin distance', 'target-to-skin distance', 'target to skin distances']"
TSD,t-shaped domain,['T-shaped domain']
TSD,target site duplications,"['target site duplications', 'target-site duplication', 'target site duplication']"
UPD,uniparental disomy,"['uniparental disomy', 'Uniparental disomy', 'uniparental isodisomy', 'uniparental paternal disomy', 'uniparental disomies']"
UPD,underpotential deposition,"['underpotential deposition', 'underpotentially deposited', 'Underpotential deposition', 'underpotential-deposited']"
UPD,unpaired,"['unpaired', 'Unpaired']"
VHL,von hippel-lindau,"['von Hippel-Lindau', 'Von Hippel-Lindau', 'von Hippel Lindau', 'Von Hippel Lindau', 'Von-Hippel Lindau', 'von-Hippel Lindau', 'von-Hippel-Lindau', 'von Hipple-Lindau', 'von Hippel--Lindau', 'von Hippel- Lindau', 'Von Hipple-Lindau', 'Von Hipple Lindau']"
VHL,vertical hemilaryngectomy,"['vertical hemilaryngectomy', 'Vertical hemilaryngectomy']"
WD,wilson disease,"[""Wilson's disease"", 'Wilson disease', 'Wilson Disease', ""Wilson's Disease"", 'Wilsons disease']"
WD,whipple's disease,"[""Whipple's disease"", 'Whipple disease']"
WD,wallerian degeneration,"['Wallerian degeneration', 'wallerian degeneration', 'Wallerian Degeneration']"
WD,well-differentiated,"['well-differentiated', 'well differentiated', 'Well-differentiated']"
WD,water deprivation,"['water deprivation', 'water-deprived', 'water deprived', 'Water deprivation', 'water-deprivation']"
WD,winter dysentery,"['winter dysentery', 'winter depression', 'Winter depression']"
WD,wolman disease,"['Wolman disease', ""Wolman's disease""]"
WD,western diet,"['Western diet', 'Western-style diet', 'Western-type diet', 'western diet', ""Western' diet"", 'western-type diet']"
WD,wolffian duct,"['Wolffian duct', 'Wolffian ducts', 'Wolffian) duct']"
WD,walking distance,"['walking distance', 'walking distances', 'walked distance']"
WD,water deficit,"['water deficit', 'water deficits', 'Water deficit', 'water-deficit']"
WFS,wolfram syndrome,['Wolfram syndrome']
WFS,world fertility survey,"['World Fertility Survey', 'World Fertility Surveys']"
WFS,wavefront sensor,['wavefront sensor']
WFS,wave field synthesis,['Wave field synthesis']
WT,wilms tumor,"[""Wilms' tumor"", 'Wilms tumor', ""Wilms' tumour"", ""Wilms' tumors"", 'Wilms tumors', 'Wilms tumour', ""Wilm's tumor"", ""Wilms' Tumor"", ""Wilms' tumours"", ""Wilms' Tumour"", 'Wilms Tumor', ""Wilm's tumours"", 'wilms tumor', ""Wilms' Tumours"", 'Wilms tumours', ""Wilms's tumour"", ""Wilm's tumour"", 'Wilms Tumour']"
WT,wild-type,"['wild-type', 'wild type', 'Wild-type', 'wildtype', 'Wild type', 'wild types', 'Wildtype', 'Wild Type', 'wild-types', 'Wild-Type', 'wildtypes', 'wild- type']"
WT,weight,"['weight', 'Weight', 'weights']"
WT,wall thickness,"['wall thickness', 'wall thickening', 'Wall thickness', 'Wall thickening', 'Wall-thickening']"
WT,wavelet transform,"['wavelet transform', 'Wavelet transform', 'wavelet transformation', 'Wavelet Transform', 'Wavelet transformation', 'wavelet transforms', 'Wavelet transforms', 'wavelet-transform', 'wavelet transformed', 'Wavelet Transformation']"
WT,wortmannin,"['wortmannin', 'Wortmannin']"
WT,warthin's tumor,"[""Warthin's tumor"", ""Warthin's tumour"", 'Warthin tumor', ""Warthin's tumors"", ""Warthin's Tumor""]"
WT,walking test,"['walking test', 'walk test', 'walking tests']"
WT,ward's triangle,"[""Ward's triangle"", ""Ward's triangles""]"
WT,wingate test,"['Wingate test', 'Wingate Test', 'Wingate tests']"
WT,well-trained,"['well-trained', 'well trained', 'wellness training']"
vWf,von willebrand factor,"['von Willebrand factor', 'von Willebrand Factor', 'Von Willebrand factor', ""von Willebrand's factor"", 'Von Willebrand Factor', 'von-Willebrand factor', 'vonWillebrand factor', ""Von Willebrand's factor"", 'von willebrand factor', ""von Willebrand's Factor"", 'von-Willebrand-factor', 'Von-Willebrand factor', 'von Willbrand factor', 'von Willebrand factors', 'von Willebrandt factor', 'von Willebrand-factor', 'von-Willebrand Factor', 'Von-Willebrand-Factor', 'Von willebrand factor', ""von willebrand's factor"", 'von Willebrand s factor', 'vonWillebrand Factor', 'von Willebrands Factor', 'Von Willebrandt factor']"
vWf,vibration-induced white finger,"['vibration-induced white finger', 'vibration induced white finger', 'vibration white finger', 'Vibration white finger', 'vibration-induced white fingers', 'Vibration-induced white finger', 'vibration-induced white-finger', 'Vibration Induced White Fingers', 'vibration white fingers', 'vibration-white-finger']"
vWf,vw-factor,"['VW-factor', 'vW factor', 'VW factor']"
